Run	SampleName	PercentMapped	WolbachiaDepth	WolbachiaBreadth	PredictedInfectionStatus	NumRead1	NumBadRead1	LengthRead1	BasicStatisticsRead1	PerBaseSequenceQualityRead1	PerTileSequenceQualityRead1	PerSequenceQualityScoresRead1	PerBaseSequenceContentRead1	PerSequenceGCContentRead1	PerBaseNContentRead1	SequenceLengthDistributionRead1	SequenceDuplicationLevelsRead1	OverrepresentedSequencesRead1	AdapterContentRead1	KmerContentRead1	NumRead2	NumBadRead2	LengthRead2	BasicStatisticsRead2	PerBaseSequenceQualityRead2	PerTileSequenceQualityRead2	PerSequenceQualityScoresRead2	PerBaseSequenceContentRead2	PerSequenceGCContentRead2	PerBaseNContentRead2	SequenceLengthDistributionRead2	SequenceDuplicationLevelsRead2	OverrepresentedSequencesRead2	AdapterContentRead2	KmerContentRead2	
TZ_GGACTCCT-TAGATCGC_L001	TZ_GGACTCCT-TAGATCGC	81.85	0.0179936298196378	0.0148637541785576	uninfected	10179845	0	101	PASS	PASS	WARN	PASS	FAIL	PASS	PASS	PASS	PASS	WARN	FAIL	FAIL	10179845	0	101	PASS	PASS	PASS	PASS	FAIL	PASS	PASS	PASS	PASS	WARN	FAIL	FAIL	
TZ_GGACTCCT-TAGATCGC_L002	TZ_GGACTCCT-TAGATCGC	81.92	0.0179620786539011	0.0147541138776225	uninfected	10114268	0	101	PASS	PASS	PASS	PASS	FAIL	PASS	PASS	PASS	PASS	WARN	FAIL	FAIL	10114268	0	101	PASS	PASS	PASS	PASS	FAIL	PASS	PASS	PASS	PASS	WARN	FAIL	FAIL	
TZ_GGACTCCT-TAGATCGC_L003	TZ_GGACTCCT-TAGATCGC	82.02	0.0348924341882122	0.0279283031309799	uninfected	10042859	0	101	PASS	PASS	PASS	PASS	FAIL	PASS	PASS	PASS	PASS	WARN	FAIL	FAIL	10042859	0	101	PASS	PASS	PASS	PASS	FAIL	PASS	PASS	PASS	PASS	WARN	FAIL	FAIL	
TZ_GGACTCCT-TAGATCGC_L004	TZ_GGACTCCT-TAGATCGC	81.94	0.01620073482665	0.0127190636876056	uninfected	10035208	0	101	PASS	PASS	PASS	PASS	FAIL	PASS	PASS	PASS	PASS	WARN	FAIL	FAIL	10035208	0	101	PASS	PASS	PASS	PASS	FAIL	PASS	PASS	PASS	PASS	WARN	FAIL	FAIL	
TP_TAGGCATG-TAGATCGC_L001	TP_TAGGCATG-TAGATCGC	80.92	0.00943932000927604	0.00798796638538801	uninfected	9558429	0	101	PASS	PASS	WARN	PASS	FAIL	PASS	PASS	PASS	PASS	WARN	FAIL	FAIL	9558429	0	101	PASS	PASS	PASS	PASS	FAIL	PASS	PASS	PASS	PASS	WARN	FAIL	FAIL	
TP_TAGGCATG-TAGATCGC_L002	TP_TAGGCATG-TAGATCGC	81.00	0.0116983834760235	0.0103101321836089	uninfected	9512992	0	101	PASS	PASS	PASS	PASS	FAIL	PASS	PASS	PASS	PASS	WARN	FAIL	FAIL	9512992	0	101	PASS	PASS	PASS	PASS	FAIL	PASS	PASS	PASS	PASS	WARN	FAIL	FAIL	
TP_TAGGCATG-TAGATCGC_L003	TP_TAGGCATG-TAGATCGC	81.08	0.023563199351308	0.0203157956178586	uninfected	9436268	0	101	PASS	PASS	PASS	PASS	FAIL	PASS	PASS	PASS	PASS	WARN	FAIL	FAIL	9436268	0	101	PASS	PASS	PASS	PASS	FAIL	PASS	PASS	PASS	PASS	WARN	FAIL	FAIL	
TP_TAGGCATG-TAGATCGC_L004	TP_TAGGCATG-TAGATCGC	81.00	0.0115887431750885	0.00999146540966822	uninfected	9435420	0	101	PASS	PASS	PASS	PASS	FAIL	PASS	PASS	PASS	PASS	WARN	FAIL	FAIL	9435420	0	101	PASS	PASS	PASS	PASS	FAIL	PASS	PASS	PASS	PASS	WARN	FAIL	FAIL	
JC_AGGCAGAA-TAGATCGC_L001	JC_AGGCAGAA-TAGATCGC	86.74	0.011502766248456	0.00918060045023517	uninfected	8762832	0	101	PASS	PASS	WARN	PASS	FAIL	PASS	PASS	PASS	PASS	WARN	FAIL	FAIL	8762832	0	101	PASS	PASS	PASS	PASS	FAIL	PASS	PASS	PASS	PASS	WARN	FAIL	FAIL	
JC_AGGCAGAA-TAGATCGC_L002	JC_AGGCAGAA-TAGATCGC	86.79	0.0130408855781199	0.0107699904242212	uninfected	8697392	0	101	PASS	PASS	PASS	PASS	FAIL	PASS	PASS	PASS	PASS	WARN	FAIL	FAIL	8697392	0	101	PASS	PASS	PASS	PASS	FAIL	PASS	PASS	PASS	PASS	WARN	FAIL	FAIL	
JC_AGGCAGAA-TAGATCGC_L003	JC_AGGCAGAA-TAGATCGC	86.83	0.0546750151051206	0.0450874046168821	uninfected	8676158	0	101	PASS	PASS	PASS	PASS	FAIL	PASS	PASS	PASS	PASS	WARN	FAIL	FAIL	8676158	0	101	PASS	PASS	PASS	PASS	FAIL	PASS	PASS	PASS	PASS	WARN	FAIL	FAIL	
JC_AGGCAGAA-TAGATCGC_L004	JC_AGGCAGAA-TAGATCGC	86.82	0.0116163504451081	0.00963335967855672	uninfected	8656087	0	101	PASS	PASS	PASS	PASS	FAIL	PASS	PASS	PASS	PASS	WARN	FAIL	FAIL	8656087	0	101	PASS	PASS	PASS	PASS	FAIL	PASS	PASS	PASS	PASS	WARN	FAIL	FAIL	
HS_TCCTGAGC-TAGATCGC_L001	HS_TCCTGAGC-TAGATCGC	75.28	22.215991392842	0.999928221097949	infected	10244544	0	101	PASS	PASS	WARN	PASS	FAIL	PASS	PASS	PASS	PASS	WARN	FAIL	FAIL	10244544	0	101	PASS	PASS	PASS	PASS	FAIL	PASS	PASS	PASS	PASS	WARN	FAIL	FAIL	
HS_TCCTGAGC-TAGATCGC_L002	HS_TCCTGAGC-TAGATCGC	75.26	22.3505815668624	0.999835145159026	infected	10300582	0	101	PASS	PASS	PASS	PASS	FAIL	PASS	PASS	PASS	PASS	WARN	FAIL	FAIL	10300582	0	101	PASS	PASS	WARN	PASS	FAIL	PASS	PASS	PASS	PASS	WARN	FAIL	FAIL	
HS_TCCTGAGC-TAGATCGC_L003	HS_TCCTGAGC-TAGATCGC	75.38	22.2788531466766	0.999920333306515	infected	10236862	0	101	PASS	PASS	PASS	PASS	FAIL	PASS	PASS	PASS	PASS	WARN	FAIL	FAIL	10236862	0	101	PASS	PASS	PASS	PASS	FAIL	PASS	PASS	PASS	PASS	WARN	FAIL	FAIL	
HS_TCCTGAGC-TAGATCGC_L004	HS_TCCTGAGC-TAGATCGC	75.24	22.1839235767664	0.999962138601116	infected	10269518	0	101	PASS	PASS	PASS	PASS	FAIL	PASS	PASS	PASS	PASS	WARN	FAIL	FAIL	10269518	0	101	PASS	PASS	PASS	PASS	FAIL	PASS	PASS	PASS	PASS	WARN	FAIL	FAIL	
BS_CGTACTAG-TAGATCGC_L001	BS_CGTACTAG-TAGATCGC	82.03	0.0129414994060493	0.0102486074104223	uninfected	7206386	0	101	PASS	PASS	WARN	PASS	FAIL	PASS	PASS	PASS	PASS	WARN	FAIL	FAIL	7206386	0	101	PASS	PASS	PASS	PASS	FAIL	PASS	PASS	PASS	PASS	WARN	FAIL	FAIL	
BS_CGTACTAG-TAGATCGC_L002	BS_CGTACTAG-TAGATCGC	82.13	0.0112945285545938	0.00889742873774824	uninfected	7159797	0	101	PASS	PASS	PASS	PASS	FAIL	PASS	PASS	PASS	PASS	WARN	FAIL	FAIL	7159797	0	101	PASS	PASS	PASS	PASS	FAIL	PASS	PASS	PASS	PASS	WARN	FAIL	FAIL	
BS_CGTACTAG-TAGATCGC_L003	BS_CGTACTAG-TAGATCGC	82.22	0.00754230616935719	0.00621400209184231	uninfected	7127074	0	101	PASS	PASS	PASS	PASS	FAIL	PASS	PASS	PASS	PASS	WARN	FAIL	FAIL	7127074	0	101	PASS	PASS	PASS	PASS	FAIL	PASS	PASS	PASS	PASS	WARN	FAIL	FAIL	
BS_CGTACTAG-TAGATCGC_L004	BS_CGTACTAG-TAGATCGC	82.12	0.009301283659178	0.00759357681367934	uninfected	7111299	0	101	PASS	PASS	PASS	PASS	FAIL	PASS	PASS	PASS	PASS	WARN	FAIL	FAIL	7111299	0	101	PASS	PASS	PASS	PASS	FAIL	PASS	PASS	PASS	PASS	WARN	FAIL	FAIL	
