sample_alias	instrument_model	library_name	library_source	library_selection	library_strategy	design_description	library_construction_protocol	insert_size	forward_file_name	forward_file_md5	reverse_file_name	reverse_file_md5
CS_TZ	Illumina HiSeq 2500	TZ	GENOMIC	RANDOM	WGS	genome resequencing	Nextera DNA Sample Preparation Kit (Product No. FC-121-1030)	200	TZ_GGACTCCT-TAGATCGC_L001_R1_001.fastq.gz	4f8c5aa7964260d6e9a57e9adbed0c3f	TZ_GGACTCCT-TAGATCGC_L001_R2_001.fastq.gz	41451b468d4f7bc8d37e462b532eec30
CS_TZ	Illumina HiSeq 2500	TZ	GENOMIC	RANDOM	WGS	genome resequencing	Nextera DNA Sample Preparation Kit (Product No. FC-121-1030)	200	TZ_GGACTCCT-TAGATCGC_L002_R1_001.fastq.gz	9b30c309ed47208b1927c81abd6bd75d	TZ_GGACTCCT-TAGATCGC_L002_R2_001.fastq.gz	2904474d82e889e24bf33d1d6cfd1a97
CS_TZ	Illumina HiSeq 2500	TZ	GENOMIC	RANDOM	WGS	genome resequencing	Nextera DNA Sample Preparation Kit (Product No. FC-121-1030)	200	TZ_GGACTCCT-TAGATCGC_L003_R1_001.fastq.gz	ac0d5d4b7a02363e1855c0fe8799e560	TZ_GGACTCCT-TAGATCGC_L003_R2_001.fastq.gz	3fb102ca9d348137025cbccd8aa0401d
CS_TZ	Illumina HiSeq 2500	TZ	GENOMIC	RANDOM	WGS	genome resequencing	Nextera DNA Sample Preparation Kit (Product No. FC-121-1030)	200	TZ_GGACTCCT-TAGATCGC_L004_R1_001.fastq.gz	4712285660f6c0bd7f0af9d92e85f7f7	TZ_GGACTCCT-TAGATCGC_L004_R2_001.fastq.gz	5b5246ee00d36682ac3c70ea3c763498
CS_TP	Illumina HiSeq 2500	TP	GENOMIC	RANDOM	WGS	genome resequencing	Nextera DNA Sample Preparation Kit (Product No. FC-121-1030)	200	TP_TAGGCATG-TAGATCGC_L001_R1_001.fastq.gz	cb1acd8e65f33acb5a19652b61bf4913	TP_TAGGCATG-TAGATCGC_L001_R2_001.fastq.gz	19de879e31c5a07f8fa99c8b9e57e499
CS_TP	Illumina HiSeq 2500	TP	GENOMIC	RANDOM	WGS	genome resequencing	Nextera DNA Sample Preparation Kit (Product No. FC-121-1030)	200	TP_TAGGCATG-TAGATCGC_L002_R1_001.fastq.gz	eba76e67534a3694100587b724e62691	TP_TAGGCATG-TAGATCGC_L002_R2_001.fastq.gz	f9739a225d06d19bfc9e64760dbd1d7e
CS_TP	Illumina HiSeq 2500	TP	GENOMIC	RANDOM	WGS	genome resequencing	Nextera DNA Sample Preparation Kit (Product No. FC-121-1030)	200	TP_TAGGCATG-TAGATCGC_L003_R1_001.fastq.gz	50c4df578c156a467d25c6056d1626a0	TP_TAGGCATG-TAGATCGC_L003_R2_001.fastq.gz	07bc41b445ec99d8e8a348dd832f016b
CS_TP	Illumina HiSeq 2500	TP	GENOMIC	RANDOM	WGS	genome resequencing	Nextera DNA Sample Preparation Kit (Product No. FC-121-1030)	200	TP_TAGGCATG-TAGATCGC_L004_R1_001.fastq.gz	2a3160dddf75cd8cf82fa1e6a9652b33	TP_TAGGCATG-TAGATCGC_L004_R2_001.fastq.gz	35177c32b382fc67f5b021f04558e172
CS_JC	Illumina HiSeq 2500	JC	GENOMIC	RANDOM	WGS	genome resequencing	Nextera DNA Sample Preparation Kit (Product No. FC-121-1030)	200	JC_AGGCAGAA-TAGATCGC_L001_R1_001.fastq.gz	6a9cb1bbac57cf46635a41fb19626494	JC_AGGCAGAA-TAGATCGC_L001_R2_001.fastq.gz	1bc38534839a9c941d3266662a3cf0de
CS_JC	Illumina HiSeq 2500	JC	GENOMIC	RANDOM	WGS	genome resequencing	Nextera DNA Sample Preparation Kit (Product No. FC-121-1030)	200	JC_AGGCAGAA-TAGATCGC_L002_R1_001.fastq.gz	1e2c1b566b5bf4e08ae89d4683982d4e	JC_AGGCAGAA-TAGATCGC_L002_R2_001.fastq.gz	d0fcab97288a7d80d90cb50aef283055
CS_JC	Illumina HiSeq 2500	JC	GENOMIC	RANDOM	WGS	genome resequencing	Nextera DNA Sample Preparation Kit (Product No. FC-121-1030)	200	JC_AGGCAGAA-TAGATCGC_L003_R1_001.fastq.gz	21d6d898f74155cd1184bbbad132e3c8	JC_AGGCAGAA-TAGATCGC_L003_R2_001.fastq.gz	1ddff168cdcd5b5f4cef149cdff012e5
CS_JC	Illumina HiSeq 2500	JC	GENOMIC	RANDOM	WGS	genome resequencing	Nextera DNA Sample Preparation Kit (Product No. FC-121-1030)	200	JC_AGGCAGAA-TAGATCGC_L004_R1_001.fastq.gz	462d00b5a4858d621d7be501d75c7b3e	JC_AGGCAGAA-TAGATCGC_L004_R2_001.fastq.gz	520224d96e9f206d0c257b9d08beb120
CS_HS	Illumina HiSeq 2500	HS	GENOMIC	RANDOM	WGS	genome resequencing	Nextera DNA Sample Preparation Kit (Product No. FC-121-1030)	200	HS_TCCTGAGC-TAGATCGC_L001_R1_001.fastq.gz	a42b46a57201cce00ab04e049f1c87d7	HS_TCCTGAGC-TAGATCGC_L001_R2_001.fastq.gz	2df27f8c11174d1946188286e9fb7335
CS_HS	Illumina HiSeq 2500	HS	GENOMIC	RANDOM	WGS	genome resequencing	Nextera DNA Sample Preparation Kit (Product No. FC-121-1030)	200	HS_TCCTGAGC-TAGATCGC_L002_R1_001.fastq.gz	4382b60b56acd653fd5a914bea74e9f1	HS_TCCTGAGC-TAGATCGC_L002_R2_001.fastq.gz	ccbac058a8bf9048c518353286d49ab0
CS_HS	Illumina HiSeq 2500	HS	GENOMIC	RANDOM	WGS	genome resequencing	Nextera DNA Sample Preparation Kit (Product No. FC-121-1030)	200	HS_TCCTGAGC-TAGATCGC_L003_R1_001.fastq.gz	d4a732341f961584a6c7afb59a0b2211	HS_TCCTGAGC-TAGATCGC_L003_R2_001.fastq.gz	7b9dcf09b17a6a60c06ecc21d1c6d640
CS_HS	Illumina HiSeq 2500	HS	GENOMIC	RANDOM	WGS	genome resequencing	Nextera DNA Sample Preparation Kit (Product No. FC-121-1030)	200	HS_TCCTGAGC-TAGATCGC_L004_R1_001.fastq.gz	1396836852ace6e6e79bd1545b7aa34f	HS_TCCTGAGC-TAGATCGC_L004_R2_001.fastq.gz	6882e31d65294c8f4951517bc75f90a6
CS_BS	Illumina HiSeq 2500	BS	GENOMIC	RANDOM	WGS	genome resequencing	Nextera DNA Sample Preparation Kit (Product No. FC-121-1030)	200	BS_CGTACTAG-TAGATCGC_L001_R1_001.fastq.gz	cd2fbc04994821af5f84e5256b46ab49	BS_CGTACTAG-TAGATCGC_L001_R2_001.fastq.gz	af5804f7d14a75524a224b4970b4d6b9
CS_BS	Illumina HiSeq 2500	BS	GENOMIC	RANDOM	WGS	genome resequencing	Nextera DNA Sample Preparation Kit (Product No. FC-121-1030)	200	BS_CGTACTAG-TAGATCGC_L002_R1_001.fastq.gz	50d13fb1ecd4266d7b4d406cdcd729a3	BS_CGTACTAG-TAGATCGC_L002_R2_001.fastq.gz	ba1cfce678006605c1b4d924dc802c3b
CS_BS	Illumina HiSeq 2500	BS	GENOMIC	RANDOM	WGS	genome resequencing	Nextera DNA Sample Preparation Kit (Product No. FC-121-1030)	200	BS_CGTACTAG-TAGATCGC_L003_R1_001.fastq.gz	1a6da6c1fecd69e27d2c5ca67728c52d	BS_CGTACTAG-TAGATCGC_L003_R2_001.fastq.gz	8f2f0e7bd65eecd4b5d3cb79f901fc3c
CS_BS	Illumina HiSeq 2500	BS	GENOMIC	RANDOM	WGS	genome resequencing	Nextera DNA Sample Preparation Kit (Product No. FC-121-1030)	200	BS_CGTACTAG-TAGATCGC_L004_R1_001.fastq.gz	474b4793e29444f306824421a5772fb0	BS_CGTACTAG-TAGATCGC_L004_R2_001.fastq.gz	26a6a17cbf00a5a2ec63f1762d916a90
